,Protein1,Protein2,Protein3,Protein4,Protein5,Protein6,Protein7,Protein8,Protein9,Protein10,Protein11,Protein12,Protein13,Protein14,Protein15,Protein16,Protein17,Protein18,Protein19,Protein20,Protein21,Protein22,Protein23,Protein24,Protein25,Protein26,Protein27,Protein28,Protein29,Protein30,Protein31,Protein32,Protein33,Protein34,Protein35,Protein36,Protein37,Protein38,Protein39,Protein40
Sample1,0.3936355202774421,0.4734356593750214,0.8545473932021803,0.34000438605989214,0.8696496848121713,0.08813443097669149,0.7767984372086307,0.8475476330547363,0.18181765283733875,0.43034653237220044,0.16549977466365562,0.7066041289942178,0.5353477680616567,0.635323346708321,0.19648696695621115,0.21174586205241952,0.04149732550990637,0.3220675351957297,0.559744661333675,0.8579349139973288,0.6669274474586807,0.43539632339975143,0.9531201143941378,0.7192452005758319,0.93016520286255,0.5275879732721657,0.2589042747931396,0.052826686364721986,0.7260848514838505,0.12130299800553412,0.3027751282719672,0.5324709078838974,0.5644165877797477,0.600583196987136,0.16625533034970064,0.37973740482164875,0.6171942271169667,0.9698188646337847,0.7276311376996887,0.9226037570939578
Sample2,0.762212058314177,0.5917169688924004,0.19202336913634455,0.666685651892513,0.6233795659599071,0.6024691704572664,0.48978586798824075,0.5286566039892756,0.33444252711810407,0.5193126926423032,0.19755590567847825,0.8051743973603768,0.1857769546987078,0.08496628988946642,0.43624602635715737,0.6583074395060619,0.43771682493354136,0.2767541319513086,0.5581711838904407,0.34700233541219994,0.9328676901266331,0.9226451396035721,0.5023718199720955,0.3278839940182585,0.7371324139566391,0.03671294348306664,0.47476900604365124,0.33632339427033353,0.9205358851025547,0.012003027272682543,0.5528148757183491,0.740663581066626,0.48501798752404124,0.08540303016272166,0.9724613900279022,0.5180104313760979,0.6141862443190114,0.23660978270750732,0.4834980851068038,0.42914949195832186
Sample3,0.07489584200198374,0.10616035354746722,0.8374725196187746,0.23981995220659025,0.19495827149863054,0.5049114512501393,0.7687471313625129,0.06194651857898792,0.5768079196382558,0.11921044284057336,0.03646105082561846,0.05274395216221739,0.8341641082084413,0.11797248362806156,0.04515136441229195,0.4378998871429123,0.8439934719420248,0.26240837648930193,0.4217126175259164,0.03992253256375122,0.4490785141348759,0.5776130806371337,0.5709070537521448,0.33242669217436516,0.3155331806631355,0.10662361893659789,0.3667983206462684,0.09949466887296465,0.7665959447120516,0.9662742977481859,0.9700744566667069,0.8650710993753938,0.6007921493396191,0.7008656972438799,0.28520580268041407,0.6307704201726206,0.45564954943987745,0.4820173397769325,0.757776560375158,0.28191835559725165
Sample4,0.3180396116945199,0.9246417911286366,0.056224294850972245,0.4856342984133404,0.9128008004078617,0.610363007818157,0.5464070742121321,0.2497441792293552,0.34327548906444827,0.8520484158046929,0.5592181317684581,0.5147421937567799,0.09957971354002892,0.01602815645512312,0.9636851886870491,0.37698616728684164,0.6032130620995043,0.07971507318728499,0.6831142857230466,0.9325667087059609,0.5756652529974197,0.12611532237541057,0.5817215274734767,0.7663472131046524,0.40641653657401866,0.8798377479414679,0.6486829533573645,0.8992489182892025,0.6235053112473372,0.13128797200482423,0.3096917111051891,0.20179494825245692,0.9088264977168623,0.7604000672874827,0.676398368910006,0.3009663196316217,0.18404477205021352,0.7564510879889118,0.47415794587907967,0.22578955215062912
Sample5,0.6166219781652751,0.040333852138451975,0.3261702541282535,0.46855699459113465,0.14795833410940584,0.9846544775908396,0.20909736458961425,0.13035313004326554,0.2035348738868964,0.7690611331597242,0.4255056592718428,0.565415939752538,0.021009156986360744,0.034431308573314556,0.44582554982701617,0.8166552432016235,0.8852388787075652,0.08670656759564022,0.5383631021010228,0.9132296862792705,0.38797275439788637,0.8295658314283686,0.1336956543994362,0.9353944896677987,0.7514233175313026,0.9413343927869017,0.6766172335525065,0.363403931999427,0.9381811725247224,0.2755667763091785,0.33217252206173253,0.7008084180017403,0.7653162995253863,0.9294034838491538,0.2048024090562095,0.797998035219224,0.7385460533969634,0.06379455625359787,0.38722314121020696,0.2827654570600986
Sample6,0.3044904243540304,0.9829468795547008,0.6427774134799279,0.7176761577934996,0.9766176373150092,0.3772017824576387,0.8018401684528059,0.43453096330449537,0.8695336718149798,0.18065754131130318,0.9476861770642796,0.21877170841087967,0.3262205069809315,0.7561922341067805,0.3937551415654067,0.6082113767664467,0.4445735010694285,0.7423699370897818,0.22833125236861085,0.05845798723687701,0.29992939747306624,0.47430866486843026,0.16802005219267857,0.3547972896563887,0.3999830182935685,0.05739184368827355,0.5833072481842045,0.8843434279712875,0.15174291295305242,0.597808013401514,0.6647392049108463,0.41933468041928834,0.70109758736427,0.41073154349101204,0.5046372879774349,0.00735304455442698,0.6917201141346888,0.6613426789447244,0.03840087732634456,0.3682501073951331
Sample7,0.9790318407916674,0.4207365625686168,0.5019454051318417,0.9099301581597186,0.7172618758657564,0.5820701311242236,0.7978046813410725,0.8643662664559733,0.45688807173726687,0.4751083649318354,0.3860509356518358,0.9667061400184606,0.6971662542903504,0.0832230662080723,0.8629596233130185,0.4805599408362681,0.06875390642248747,0.549717255163311,0.4171642789757021,0.8777494048626249,0.20399460360938737,0.8264646094921829,0.5576886911854527,0.05461030321346905,0.9718453013254846,0.5126152441031999,0.2908768542315825,0.4694068419892581,0.857857783517489,0.3049031243850635,0.19267639648670032,0.12907124693088146,0.29785939839021125,0.7800480870400435,0.4716263651952617,0.22748160369353998,0.1661849996097492,0.3327294765103791,0.9399243728857088,0.3430267125900244
Sample8,0.9881240759546354,0.4852304557653562,0.17916391829015088,0.8911400917935094,0.4603553731348269,0.7096713435045244,0.9837115832091518,0.050175350319974,0.09669455978756714,0.7204567414627562,0.281825003295472,0.18430139695009906,0.039361879819729495,0.021846711986201806,0.7744856031197909,0.13443342736955,0.4677206159711509,0.605896815179483,0.42835180056884625,0.027106652336233106,0.7835015025879088,0.010513224541653488,0.761889894377484,0.8933044937881227,0.4328399210571723,0.5355424730977982,0.47698339261765377,0.3892086186234388,0.8874245353703603,0.8939335106699905,0.3358163646415345,0.615069754014698,0.9269075621458641,0.9620584989413515,0.5089590404220475,0.4528248052843268,0.2786943159285258,0.95887187319041,0.14281430447286736,0.579829576047725
Sample9,0.2825502675186389,0.2790082903477966,0.40496858737618846,0.9987929358156545,0.054966306839822066,0.5785418182035315,0.08257215803527718,0.15452082999051897,0.4395629417728987,0.5104601313464413,0.258792408364524,0.3164571308744162,0.08696702025593306,0.3032197838442505,0.9665584393805441,0.9447073816724817,0.334878290136985,0.5708539362787616,0.9095953911109443,0.0061838226408966745,0.8106835703375919,0.948369552788919,0.09132573433355706,0.16144768603292103,0.9607463027713554,0.5375401436403463,0.014196634471723701,0.25763199876352916,0.4499436742688596,0.6929089110247677,0.7331603781367996,0.9954215129254561,0.287511199383759,0.5382201018684752,0.533323547859605,0.4056452594472375,0.1691618938424202,0.9774565631838426,0.8533171866665861,0.4983330282942372
Sample10,0.6032454226840298,0.2272610535596623,0.5437870703917469,0.6949701331214758,0.5151670283865888,0.9902851705849413,0.6113416562477262,0.37097371259216905,0.7721520276158381,0.17046251158164205,0.38451581370626653,0.34695895037758584,0.43180709510777726,0.7817798259287263,0.48417303216340746,0.7940144502659627,0.5764889031398659,0.34206943465755535,0.8099787436834724,0.23828967055309158,0.2243829797997955,0.5045029240548358,0.2608492459620889,0.009087034951216322,0.6482975272988015,0.511093821472398,0.4455178144931612,0.9669685146183153,0.5711991839629137,0.8634315777893845,0.13945023620516017,0.5692064631294277,0.8679796267309029,0.583105757279898,0.7180141781270015,0.3720435678122074,0.09244951703706661,0.4579002951270714,0.3944793908388575,0.8670601823789473
Sample11,0.24399530235247224,0.9667342275351081,0.9581381198044961,0.2476316430714387,0.3480519554773205,0.895555740873885,0.9666222208961075,0.44343910283604404,0.3209970456408978,0.526094013251542,0.6877692063657348,0.2734745153749798,0.7364731746190728,0.051657357114641034,0.04929449276441644,0.3862877051455452,0.3534731920607206,0.3156332153671523,0.49101976266891,0.32073358231157123,0.19225791846809193,0.3094695490886009,0.974904272810235,0.4111134169948486,0.44471277685833577,0.57654498995114,0.9833407684142266,0.241601276435763,0.6812821105324338,0.7159846935417241,0.6073244167930659,0.08857833963664408,0.6768722758275765,0.06409471103617548,0.5961426495498969,0.7395811772217427,0.21096989061995042,0.841622007542774,0.030353805533004263,0.8438128636583061
Sample12,0.4603290506427651,0.2175879399316445,0.133778144993968,0.9533071675823725,0.07266558758115671,0.19909341993592566,0.34782234743304596,0.6202348489611205,0.5448010852760984,0.12564349241231398,0.2897279837382146,0.23875177108602408,0.21354285449034138,0.41114433647998705,0.7040314525916569,0.21745293221723594,0.3666788797029814,0.39091742684116226,0.9764565294354102,0.9546663568790689,0.8001375827520759,0.24165892081918516,0.06803731409166969,0.31690413772062476,0.26679454943383085,0.5059258001463939,0.7777279100677931,0.858322938878858,0.8448640854105085,0.35967556122306776,0.6872343434606829,0.31283419752422004,0.06090554323518271,0.7015652656029423,0.009827552569787845,0.40918258745848857,0.32937926930207573,0.6933775385188524,0.7662454727603789,0.30409463597128383
Sample13,0.8116270144448535,0.29391676050493376,0.4463263599865612,0.7270185270141339,0.6929202292247886,0.9873684723122,0.22516102421593187,0.6623179135395824,0.6096819082757774,0.9150984544900299,0.15636214164487505,0.751798163586933,0.5682686162687683,0.2746658697879054,0.4744349141471741,0.3337765970697978,0.5793134027884609,0.8890006108146659,0.569304984412202,0.631722418326584,0.5187478471147094,0.051165506445475906,0.23285855687609425,0.49200172943208276,0.31023528374470477,0.18176359776119422,0.5041328419184383,0.3228097934478503,0.2581076431734147,0.4639854174403808,0.13328425808217315,0.9277457330754073,0.867702097919239,0.7076205857405353,0.10621382758845621,0.775877254469693,0.807957328109019,0.7677646177143377,0.11396588711924116,0.6439079570677647
Sample14,0.8343247957493986,0.5773534012196677,0.646407375228089,0.4583634794263062,0.5287073198840526,0.034376858351725215,0.6389630219732846,0.08144721289115919,0.4350145943402234,0.2926550976674078,0.5454279502117131,0.13341633552320709,0.6916434019733182,0.7950115369284704,0.1633544497431565,0.10431308735188216,0.14551548278735915,0.8771275618985017,0.5281892617563562,0.4672609960075026,0.10671181910235428,0.6495560067569618,0.8679995918950899,0.828185869323453,0.6260547089808013,0.07527871665167363,0.11239702717601296,0.049308987109824676,0.2574792164924693,0.13566146716037775,0.2600480402524339,0.3850580557189617,0.9429827840711357,0.6103760597816921,0.8349737856829623,0.7103515007123322,0.11250313052663174,0.7359204063739488,0.27509888155912443,0.6391078469947064
Sample15,0.3409619736429885,0.9976722632646592,0.2635514794967778,0.27913047077426967,0.9306722555623983,0.02464440463632267,0.6966889878731969,0.7253263907358781,0.8363785774103993,0.9744393106384753,0.9756019191566524,0.0652767575664639,0.8218393227529025,0.6463099336573813,0.6473421343730912,0.1283499266146948,0.6501871664456533,0.9824825806012478,0.911818569539447,0.4391306608048505,0.03994797328609434,0.36229349000020483,0.8263903116005552,0.701499101465166,0.4593436555939564,0.055101535158831094,0.4268947278233026,0.4690249397178835,0.928555532894136,0.6410861035821595,0.3116529166546489,0.5253182644507214,0.06605530782216007,0.9725682356497368,0.360059901930726,0.4778673549131358,0.3552839742369226,0.6825117301162001,0.662232158329593,0.7153223105291356
Sample16,0.26814322961192083,0.315668481164066,0.12525123109620795,0.6555099718461126,0.03979712733565255,0.5976823355234591,0.8696958848516338,0.8908321482896335,0.4490377603699617,0.45930368821307377,0.07696918300801736,0.6707650254430357,0.8212594203728455,0.24465505460471304,0.42130088163336465,0.8388393367652703,0.877120467662288,0.24317998026422594,0.5505706345413642,0.19249315063582706,0.10187876413955654,0.9111205013919575,0.8205075042321092,0.7600349018031739,0.04876631881314042,0.8437287927102575,0.43804407590538375,0.34239512329585964,0.5464763610253764,0.09135324272355583,0.7566465493523988,0.5824350768882959,0.18659009687316752,0.1882321997690456,0.18424865157267423,0.057002387551933986,0.5877984493716848,0.8403481775885081,0.0174982139873886,0.04900464497127355
Sample17,0.5727702766869458,0.8194956853860523,0.3267388905686336,0.34961439880772216,0.5963464974967759,0.274212889124147,0.02660836607768413,0.7352285181015961,0.6256499129414531,0.5807559990556591,0.7416841289918231,0.6752308375620375,0.20588198817832115,0.35248104694335114,0.126110141678625,0.12985701341788103,0.6761957463565392,0.8586001069824982,0.962732583861139,0.6283471175494444,0.18410132336095697,0.1056503454489307,0.8128509715367578,0.5787564763599993,0.6182850210137198,0.7814620887547092,0.7032772277324516,0.8344582528560966,0.05621390545987848,0.7475206367465048,0.8508527573220954,0.28613504245831434,0.6404472739932529,0.3141620638369721,0.957971066482454,0.03342357243550376,0.579792843832955,0.1665035470495151,0.7122202051771587,0.17589028341866209
Sample18,0.23538326189835757,0.4943708110457581,0.9148349499968781,0.21171437214797084,0.14424002111810352,0.7589768318540306,0.500619532333931,0.9117851123817714,0.14661455715984228,0.6459278930230393,0.23287914615181504,0.1567604286516393,0.6834294151572705,0.5936846199087332,0.7548274583623312,0.30946257644618236,0.44797165638218994,0.4054716763304185,0.9840894639665142,0.2922489567393879,0.2948172383467669,0.3545482088286074,0.5645940812903215,0.25232274426374524,0.9152899403792739,0.2656855648662635,0.8958157315601947,0.10347506364658465,0.6565627023996523,0.9069855184382437,0.16874943839822953,0.968326960099255,0.4528833604155117,0.9457151084410245,0.676820043630047,0.30158686987355154,0.18830252491710642,0.3037350462250994,0.09301740926267499,0.14386796634332977
Sample19,0.10466044034648114,0.42294354374155774,0.7955783762575864,0.1413835542163402,0.13032043317233588,0.6434289495173308,0.19718298196806627,0.0976100381089916,0.16684857820557764,0.9237313958767761,0.8214712527761908,0.3540645623550941,0.6558207673273928,0.5372756736680381,0.6771242634825639,0.6826711524627593,0.6287340150599929,0.2661013685373086,0.03900642076281813,0.4555667819901088,0.8909738846907038,0.5694972585185759,0.8323910417019079,0.9916243429612281,0.16361620413827627,0.6917776391419823,0.6742935737000246,0.9799554473582784,0.9856007339528003,0.6866786117241295,0.24361479198219427,0.798555838130599,0.1070291342110381,0.7806993041716287,0.9101961241446964,0.38283339476843525,0.6306352949830805,0.4301427320968263,0.43776505498812845,0.31037088910812005
Sample20,0.7621296204503246,0.9361765641665052,0.9407508592344611,0.17478128487493383,0.874743649656566,0.7374314414271221,0.25283740069028926,0.06728461292151455,0.26799726688437797,0.9122082367815256,0.6331786748957723,0.7210546608978718,0.25715235110909584,0.7193881555748203,0.028121506277923758,0.3753213457730138,0.6267533485423312,0.14609656554132022,0.8230035744469347,0.23503129881191864,0.6522811128184463,0.4051971425753297,0.5960435954776472,0.10745055262890812,0.016912799921607324,0.9095644273803012,0.2696300087671828,0.8196770027804591,0.9993503004722002,0.21143125799891116,0.2651707411833556,0.6628597876346657,0.9654486346006212,0.9158143481907439,0.5028755200655849,0.7951102825267247,0.13574585309990106,0.9774381842040123,0.9643532340359865,0.16372895787917097
Sample21,0.2994231248031066,0.10015499750676693,0.2717175988981797,0.8159557894152066,0.37831560716525947,0.08839696714675838,0.34222552477890456,0.9813833342412801,0.6296835952592029,0.41616094640615775,0.16653851349727,0.9861767972836948,0.8208490092631288,0.2814773024509194,0.07006869572118946,0.05662555737755803,0.12037814950553383,0.5807685836144216,0.9287634212054924,0.4967434280059845,0.8429454824561972,0.4458866198598078,0.7085835457678252,0.7318727372865008,0.17396370590333865,0.36121605897581177,0.6373021565380239,0.07069660818436618,0.3615401877629566,0.5347994662811925,0.9962244930446387,0.47453356262244073,0.8160567571143236,0.43206728506661773,0.7963907226197089,0.5954148016201084,0.8865954415023983,0.4109425523501099,0.6043044198214789,0.6300186806188274
Sample22,0.4173829418004733,0.14431204368748152,0.09355940691233555,0.0166715505996331,0.8735342642452146,0.23647491223869455,0.21150674928176805,0.7360354004260655,0.32001611308739175,0.5060446924118366,0.1625110652974563,0.9597457214619692,0.8515814000172374,0.8637896229650033,0.4067737485720052,0.7623612137071728,0.14387615538978016,0.008619002591780278,0.019972932578028124,0.5866017374045605,0.4553949052479408,0.5180153489085197,0.007463140417219405,0.4226866196574257,0.7180681612008608,0.44269370196743585,0.7322192063122223,0.23301896439683478,0.8131420044817255,0.5884312404534523,0.21076309942990623,0.23672047585383293,0.628030464569537,0.8299395932124434,0.4156277820291552,0.2583004291275922,0.8670116069106004,0.6692682917508349,0.4480854872830765,0.48790019527930184
Sample23,0.2042564679363964,0.6268026300648439,0.35874251054288864,0.9956451766743493,0.48018351526188785,0.4858856061896132,0.5658517874106719,0.9167560031187467,0.8008180998597503,0.4511300697978414,0.718699265972796,0.5862354987807616,0.4923670487012489,0.19231577278435052,0.4639362634548909,0.24581858702257464,0.9148421498516547,0.33540681349634693,0.9522640145333723,0.5330552900947112,0.6315443786761603,0.5429404444893278,0.1293806169667009,0.37582121900794097,0.09914611227762393,0.6229540441833817,0.4468741952004389,0.7779849715709368,0.22047048099936983,0.16456605842933492,0.4063322309637678,0.9265853832183811,0.7104218150124118,0.41892362479291867,0.5172721697543106,0.08421301117709834,0.9845758963761131,0.6664073046949189,0.2854040684634225,0.5858083942152443
Sample24,0.10948236606899397,0.9658366688075836,0.17478498788336594,0.6480303180552142,0.24545446253893044,0.7175613826485358,0.7768213672402811,0.6734197289114326,0.6144994602551925,0.8924690939520117,0.07862671098975804,0.3309147657801952,0.24828747963084596,0.9880139620654216,0.3893897796668735,0.7326126992403987,0.6847251638810046,0.21208123747737773,0.23899768021155132,0.2812845635530341,0.4111272782593792,0.2343250656505268,0.019651482746847804,0.8793930568071955,0.9656098313808841,0.34157038703156795,0.33850687942547286,0.007091812774370987,0.680250688330374,0.8254398957486287,0.14660830036000316,0.15966634936715074,0.7900832499714378,0.6162907483541447,0.04486055762771701,0.6225469904622817,0.30891772284376606,0.36872515547084594,0.7697314182968802,0.8109351926726106
Sample25,0.40035662683983064,0.9471529360063548,0.40646271795207223,0.7718360352301099,0.48387726456425906,0.897532326522084,0.9077612436501786,0.08741680787108386,0.9364933313102257,0.8255348415204157,0.7913107143126669,0.20091133968552244,0.8051192087546649,0.8501327346850368,0.28915033445415095,0.9522600783623237,0.04986014639916425,0.14990925324713966,0.5375811380515143,0.5757924711223097,0.6451500833009034,0.016969129315466458,0.9603667746221303,0.04458809273414399,0.14306195272340239,0.01401451752605698,0.5668584332940947,0.9322668839209722,0.6659471660804642,0.8226574684804273,0.013281203458580082,0.5420152984797261,0.4595629775055219,0.49896794422079305,0.07221318533518795,0.6844353610693075,0.5032204148586344,0.765148849861264,0.48529063406171535,0.14938163622643208
Sample26,0.648256954077822,0.17238636210516622,0.8723945633548149,0.6131162390692415,0.15720388355695425,0.9623380574812068,0.5183654633353206,0.072898451871655,0.6268329044150672,0.2531989070128102,0.8036934518773025,0.8178220735661906,0.9789473558546619,0.5018695310245037,0.45495687972773713,0.7534756054464806,0.13247065634192656,0.5469155137931242,0.5462476001308509,0.08947312281038722,0.41798408550691357,0.853284798567202,0.8561536219946603,0.099237664919681,0.09072088274783086,0.2626954770019353,0.8747660625539935,0.12890258507349894,0.7199968026274463,0.10116561961310322,0.6231378537478254,0.3560672991191448,0.788913962965867,0.2336904488253636,0.6392018293899598,0.23568253457588495,0.7136602831121538,0.8736780345607488,0.12680179912676004,0.8665956885955035
Sample27,0.5935752544142979,0.12711049086702397,0.427541855359712,0.1608602934850979,0.7003478888665695,0.7588681344179496,0.10579652027279896,0.5061398526946443,0.8146250560259172,0.9361630415509965,0.51351786674177,0.950279223611407,0.5356889704560298,0.39419049459990796,0.8482031285528955,0.49298271045808906,0.47190251056452304,0.4903124894098283,0.8467850018697454,0.8319415416880521,0.4035199924402112,0.333299859870525,0.4919280240391293,0.572772509737109,0.23833721062799695,0.7939550847155906,0.4864827657324229,0.3340455484199596,0.10682099296399061,0.23884516040360693,0.9492811717559837,0.3050996868195266,0.16885928936703531,0.4606727916549932,0.3070877433602487,0.035159250271194153,0.32314521727941725,0.5441086239394686,0.5517123720199669,0.3565589211768887
Sample28,0.44730275625260063,0.9655179182347664,0.3773484772303116,0.258226813259983,0.24346704406676012,0.45776461270413416,0.7595201487169441,0.2059881841884732,0.7092961271407681,0.021149823349416286,0.418932977983946,0.7758650652027869,0.3387329557744314,0.5637371014453995,0.2049792328259108,0.7419953911261723,0.05227910326875962,0.8525426448755004,0.19819638642166815,0.8743980317083307,0.3525292413005173,0.7226835744744866,0.31922529778618847,0.9059116712346476,0.12663712551837436,0.1785197892725987,0.4930301251588023,0.08193843903814613,0.19598018470176193,0.9437663822120144,0.9764896611478872,0.37625932933042194,0.9232860210139356,0.5448246756734317,0.26974246587376705,0.7023987210805986,0.6589018065748572,0.9891253191087334,0.2650472874092833,0.6720595026617354
Sample29,0.052023755029446894,0.11364603869671941,0.003918374951093262,0.9994606810596731,0.8022736971474778,0.7867230147335408,0.5097260752881797,0.30006708290543993,0.15126428446267592,0.28467473884646366,0.3759712219291391,0.756310096980294,0.5396617889031524,0.07748362655548269,0.01802900895891224,0.10233217953406315,0.41049871369737934,0.9331929170490183,0.6374024812092216,0.8018258998755151,0.46637459450454855,0.3616660831950428,0.10840037271662273,0.875933022186205,0.7831600290279028,0.1681180975977251,0.5122605638762605,0.4873748079212449,0.6250915526865286,0.9461868939912612,0.5797714417624796,0.5402172667786186,0.050322932934663944,0.06290747601802393,0.1873467913267889,0.03247077169174828,0.7433528955700124,0.7233303039939631,0.13605623443164294,0.8360789007952809
Sample30,0.15478603484611198,0.3011755869973588,0.248976899161365,0.3723070985730478,0.25466376588996187,0.48895092643845206,0.4074078813546854,0.9865694907793265,0.055926350128225666,0.14218137638735162,0.052825893908602484,0.6258411949823758,0.05450927741371958,0.8364397373761233,0.5119386306819278,0.5270076245815337,0.5615945077121942,0.17081370630621073,0.19769030311448754,0.3188173228730047,0.5934964158218514,0.21011777594021452,0.11633172713326123,0.9701168864184322,0.021981814809622913,0.8026974053360216,0.7880351495750221,0.297214113845096,0.1356266160073134,0.14562864670542341,0.6974316172371925,0.6428065910861737,0.7827456742513867,0.9374811723991047,0.691927363266592,0.15585153655144346,0.24344261676541068,0.8421937308731146,0.20930607583420857,0.07252231695448141
Sample31,0.7032800540422505,0.40252635549014204,0.9200400525459036,0.6502550710936615,0.09041897779166075,0.9478565672536607,0.2585572636402459,0.33721249040628576,0.40226041368354204,0.05122429640431325,0.49651542223060485,0.12331849107529225,0.40097032668835175,0.3507097879920843,0.7728400834265033,0.8031705116327311,0.153412882389088,0.3665511873792262,0.3733531610318317,0.15141044393608505,0.7984535050511905,0.7072283283354233,0.19038178629703473,0.36672190859379905,0.10580502485651422,0.6282065970930439,0.12137192454861967,0.9859341686249178,0.7806820746878623,0.39023854958399506,0.5785639322793544,0.9113418162164088,0.5540992803958261,0.17449848639795518,0.3787033555811593,0.8431448650297454,0.6442130159896179,0.6507243843338003,0.8668214856884892,0.8939730574625047
Sample32,0.9197925717794363,0.0948491932531561,0.5441260019631009,0.7405095212183186,0.7569268451270138,0.6067162019700039,0.16678733518367417,0.7974205539416643,0.7201113335149457,0.08613577154903629,0.46380982467437626,0.17397739952180358,0.3374770457129719,0.018081092205685434,0.40032986841075824,0.5498769211562105,0.6195825928270868,0.6634903451287101,0.83629131310246,0.21546290727573003,0.12048182243846794,0.8515371718979257,0.1566128148926499,0.9747600813361953,0.842538229398637,0.5008766058895991,0.9814214249220252,0.09737672910800421,0.30306576117510164,0.6382244150406114,0.35000686847317874,0.9283725519807918,0.06562608817781757,0.5494118320609646,0.5908662673951145,0.6527281237772241,0.25566622333181444,0.36456642751986446,0.8436805296649776,0.19494276897015983
Sample33,0.826867847173362,0.5626554229027424,0.7621875111940821,0.7136073662634715,0.207511495384879,0.5688127364338729,0.8677231528050924,0.43211623680192934,0.9665907702233167,0.45221510010171806,0.14278563666788469,0.38943468007767323,0.9517024063905372,0.31972084933985423,0.8680981598670628,0.8812506816818898,0.35018652433196107,0.08325765805063212,0.7245579091588182,0.311512299013986,0.7829236142575724,0.4426548482604331,0.48526674234262157,0.7779094067485368,0.3823633310616279,0.44312734532291453,0.37619046876962214,0.36734051527727996,0.5259465769014594,0.8087994445011507,0.36176831192256587,0.5242547205377367,0.6707273254426008,0.269439446303655,0.27752280490239256,0.9334131270234548,0.7235345733310886,0.5771866762233089,0.647720054420612,0.029299443103418366
Sample34,0.6181029655616969,0.5095088732242019,0.5457496797794357,0.3594238268308171,0.08147389771294189,0.19333923361205219,0.9507447132126717,0.40869956227093396,0.46668315583086417,0.05270978985343899,0.03756622954398059,0.7171814470467577,0.5380946641211113,0.5087059842162667,0.24312453042266868,0.7447507316299222,0.16823657910849188,0.18993474366102003,0.46071217134827547,0.2862798621119409,0.24746298123314636,0.6452376445533317,0.6509717452185445,0.8245170697999292,0.41770856697297587,0.07308509102615024,0.2736663849214577,0.9800054631968169,0.5962585752327021,0.7097370848010203,0.007357829625414536,0.5182057321825209,0.03752865753180312,0.569230212091448,0.9207708496360754,0.9684191305004078,0.5405526753889242,0.45820480525221596,0.945017094248494,0.6736098319966951
Sample35,0.06489927953840946,0.46572557766749756,0.2402450184643039,0.46980432144868156,0.45546557200636173,0.582144802814742,0.35677049034925123,0.16427044945592806,0.5037194345899563,0.8302028843457621,0.6640122280676023,0.33836786592521584,0.9355230227588572,0.9122075712491822,0.20934839938409877,0.039417585120362975,0.7413087083507622,0.8276102613491533,0.9678645659513553,0.8898363940883107,0.6005347682064148,0.5300523392123808,0.02784105126258629,0.24665644684477783,0.45961475173292643,0.6285039000835678,0.5572518333184107,0.7426359896816905,0.27976693088704085,0.5649526076524732,0.08814224339079213,0.41366552358320696,0.750160832954601,0.693400853429044,0.990642737172179,0.277891125987756,0.49818929917397914,0.3295304137739967,0.44060311405917474,0.8569501298693881
Sample36,0.6842090751884866,0.8824411913475817,0.20351110833188646,0.873361117841438,0.05976227417838442,0.8885992804371524,0.3290737794607279,0.3145876334140665,0.5120885766986639,0.9406901877232318,0.04778136468140537,0.3522309750707453,0.8565719886833357,0.39605447743546673,0.199156897597067,0.4247941813314118,0.3855525014916693,0.9154162014667034,0.7619343757430971,0.5051155557440064,0.9883705667215711,0.4652775312759233,0.05823783082027523,0.2622743218149849,0.4360704802193126,0.1569026241461201,0.947565126324043,0.7668488978177731,0.26828720042777265,0.5908045335179158,0.721449157109572,0.941278928906798,0.8816353491754106,0.5151922261382137,0.7746526197930176,0.562144753827585,0.5527038900455401,0.1147419583381919,0.12613765801615207,0.5295336150224574
Sample37,0.2688615449790066,0.02103690246046863,0.7228392039002123,0.03248659669016496,0.5952768411040545,0.5391937941273144,0.9688146905778044,0.48421313934764165,0.06360143637779736,0.5516879678064617,0.8410961706161014,0.9968492842814399,0.4303431736890725,0.3202987424967425,0.9066532969519989,0.19124212907612137,0.6154289150329266,0.4057144241809477,0.041082364955555284,0.34728847430569776,0.2652285225026746,0.6860911539434869,0.9487904976919181,0.26804718737863775,0.8114659391516817,0.05535981693840952,0.5381210100398132,0.07055006370989458,0.9340329911306393,0.7663512805573902,0.6579499112045923,0.8238963816246643,0.6475197955701631,0.9689443971742911,0.7139579478647715,0.9246586095822468,0.517131892010638,0.11706441298186265,0.5281777214230171,0.1268728280630933
Sample38,0.592493479176405,0.48249306052766294,0.6225753978327817,0.010046981054831594,0.1948404916553641,0.4913304319121309,0.9505035615891348,0.3836090403551584,0.42437202605363467,0.7146960890066222,0.603792757286118,0.29892615009833323,0.4108163955674278,0.21769979885723245,0.9660214591302085,0.13063438155735974,0.37183678456641944,0.02583897222001119,0.2217794919335464,0.7804711383801549,0.20117523228887946,0.0800634025289656,0.4744531798445233,0.009969234734518495,0.08476615442633317,0.8076258695629751,0.7714733448596064,0.915138820404896,0.8545154359107495,0.6831755632398181,0.05233285730066284,0.7828486179866575,0.8455108108405605,0.7990821457719545,0.5084790353080261,0.23290183864948166,0.8453299756887267,0.7271628097401385,0.9807611743888516,0.15569259775593292
Sample39,0.22566458305205506,0.2117981498815027,0.7925397676213367,0.18690729645011817,0.0666598298233061,0.9985608065856286,0.024817211445149145,0.8352440601588657,0.3653668415506528,0.8416154597578153,0.554620491211145,0.9016312294863601,0.9261929864146267,0.009098181280775997,0.07541217599278827,0.2503587295708555,0.6693154163635017,0.888272196511506,0.45994195129396276,0.6069731162742654,0.18849985279556114,0.8049668338816853,0.9673281113534697,0.26859893291459747,0.4948259516005463,0.0861161105063738,0.5591366564629684,0.5027834418466806,0.1444364841550776,0.44206621311807504,0.33410465208656326,0.5218308753051893,0.5856543354287992,0.008495578607209509,0.7610059829495553,0.7130142918617408,0.3662863862065222,0.05293593556881826,0.7549325397850504,0.9551751604781324
Sample40,0.2401515960220142,0.3235246137370379,0.18381288948181496,0.5769361233448397,0.15484139464745494,0.35619394346137945,0.697013013934263,0.5601159830093484,0.38646256432793524,0.4202496018075419,0.5621108826232295,0.005864727887161303,0.07850986845360985,0.8812580677630116,0.07787898909129076,0.7068035962105051,0.9200381641090526,0.2706836043017311,0.37049143705951426,0.5689214058447163,0.8817089696385847,0.9419055872604202,0.7395632481112681,0.08661976085469403,0.6691541555348508,0.41030372187266206,0.4707009994910616,0.04914839034517704,0.19106213934635818,0.7905136075336477,0.4539588330478598,0.30166224163114885,0.38401907396495816,0.8543995133256802,0.7489990174049569,0.2723153971810828,0.11750184021237331,0.2519982216440717,0.9207564510547337,0.5815888378497553
Sample41,0.5334802087447829,0.5963935996924615,0.36602826574651526,0.8071070203195128,0.5232862493002498,0.11674790276879554,0.12906512482906296,0.5368591465026183,0.9365702180708392,0.30835212167619874,0.8695411688592183,0.7640955865788793,0.24781244290690685,0.036340748316242455,0.10184726514238274,0.7284939338474402,0.1996697380406467,0.3712709205053938,0.5016991660064248,0.7254681684501628,0.11323122325912538,0.4063664052774615,0.4850729091426954,0.5408270639715397,0.8183606413952167,0.1716781950432169,0.8078314518266223,0.6928784276966522,0.5558708141989593,0.6995278704025719,0.4120177389516564,0.13839758596812457,0.6657652402653673,0.5246723066856223,0.6393748005427755,0.33799878102849,0.9068665773398359,0.5873698685755769,0.08540248429087383,0.44980399070442867
Sample42,0.7563560547436343,0.7941345617322724,0.49459705276375876,0.8947475708313011,0.26766843719429756,0.4105986972382666,0.8985969105689701,0.8962567164715789,0.6857127688246809,0.8589805471222202,0.08877326695623267,0.8649949762077763,0.32061990655022676,0.17833151242821632,0.23936983634204634,0.4179685080138871,0.2511920046044672,0.32056758601649904,0.1349784860716421,0.2961767655589985,0.5722838145420012,0.44185370809106395,0.34671876123591117,0.746452128857114,0.8935099713933179,0.756789222902397,0.3320007021176792,0.7444421678375537,0.1519801824740512,0.13031798809129091,0.34562703703615894,0.807702369044057,0.24634824724230187,0.06325340889867959,0.1317095352063551,0.8587449685295802,0.6337832847472876,0.25320116336997667,0.5552958253281813,0.5275796224253504
Sample43,0.6554359784406613,0.23318755442161632,0.8644029871943977,0.30936856208001284,0.6941316539762369,0.01612464637221489,0.37265712989414723,0.3517098179588083,0.5434844285830145,0.0727362617771965,0.7901313737261083,0.21778080176756853,0.6770378148820102,0.8032121232440932,0.5618769562415131,0.7408832067219855,0.6618603122150055,0.3555297971520076,0.8088585390335653,0.294701369885528,0.5712129177515172,0.7453977391415395,0.3789559098125076,0.30276760761742505,0.4593460101728227,0.8179634943491536,0.9299217631456648,0.5450834128598901,0.6614662053236519,0.9032736222389142,0.0985468514129424,0.23207857786616504,0.7089000062515824,0.8237444619122997,0.8570290283305779,0.4151071768549326,0.08933990229186684,0.4377814772996199,0.23073459020705378,0.29119645499662417
Sample44,0.7722675568375058,0.07552708602588687,0.8275812174807021,0.42766908582416907,0.5960639311005951,0.089652231235679,0.33735907835727963,0.08970091901484578,0.9615437228811096,0.8072616493262504,0.4596327543564602,0.2236025483236711,0.9334551052498522,0.34459659572697177,0.16098443168737475,0.5631643884539549,0.9437741203448161,0.003830290500322575,0.23812484325399874,0.9384476404104076,0.17108596685716204,0.11324345163981986,0.5701872157998045,0.8618438232948299,0.47710981769392613,0.9945642566845248,0.6791716995379928,0.07407490721044774,0.9928321316819754,0.40789423678019043,0.28740253384548253,0.5578791835778856,0.3043075918208643,0.08645750712015232,0.0014283430791767193,0.4495833529202623,0.8368634222265923,0.5723151856300766,0.9992072989434408,0.28684664564719997
Sample45,0.28045506476005533,0.1597494602339442,0.16406358826533518,0.2851865960100478,0.7928400452735271,0.9057567906364479,0.9750871697076813,0.23228965409645264,0.8812975456140917,0.32825508927733704,0.11284054451688441,0.8700249255201656,0.6361056346436186,0.16473089608106173,0.42983125751300255,0.28725769487706765,0.736794568710197,0.45341623062426806,0.989279945106385,0.05474498225959512,0.3550152661362467,0.4819001671099774,0.5031335547483198,0.3159358223856368,0.729240249097568,0.8747470734889747,0.938719301977863,0.8050933767995262,0.8505801973065994,0.5505453006199955,0.8258882264268146,0.3035039091479522,0.3984787621092144,0.3169130138185443,0.46738733544792543,0.28557961623863637,0.9616114422544468,0.31284462800566815,0.09804453811093983,0.5268171660504134
Sample46,0.057099078445176366,0.11054316630858052,0.2193893891962463,0.4643502498821417,0.4332509323090279,0.7996918620027912,0.7394746538841134,0.4263182939907013,0.3337042075756299,0.3164687840614986,0.773995087294009,0.05207240622126974,0.012821649510605826,0.795544391926648,0.4771463759890493,0.13088113855357597,0.23556593459450126,0.9325039530973825,0.859502975624898,0.7097850502239725,0.48222523033732656,0.5203236261913857,0.9752445352839586,0.9657704438842871,0.21526904578583428,0.8111045663053181,0.1972426661670168,0.2135374778839514,0.6760930341645768,0.4050010985875484,0.9315444071065202,0.08900973489600883,0.511525640809493,0.9185215304431212,0.9041136604795051,0.15652921341574122,0.36663770009645646,0.6191214000466962,0.15939488477140218,0.9680221720457387
Sample47,0.9147493287276603,0.16695017903446918,0.12115546126098542,0.0854084828082653,0.9094436640366311,0.1936238097954608,0.4162849285443547,0.448851365652003,0.5990110442135675,0.07173534374742496,0.22675861740051595,0.931490386918926,0.9084101072685695,0.7812906474056922,0.019401245618215435,0.3270067684961021,0.6279587353429078,0.2751902117734757,0.9095866950537773,0.6338894618324419,0.0719067173164456,0.909005588835703,0.9577666581762225,0.07771241839172549,0.5323602348613149,0.30336428221417044,0.39283907648140237,0.1796512179553419,0.5780721020124125,0.9579793532488906,0.503072600271609,0.08291458139448116,0.6200013334774084,0.34022299445125703,0.8559251895912978,0.4346781483164702,0.1928396089422456,0.19110562269114495,0.7687641807211604,0.2655875983073599
Sample48,0.767233394159223,0.20588731076659939,0.3216863687013094,0.4654869724396994,0.9431958496934507,0.9317314247538246,0.2068718754222878,0.3582190412430728,0.14939938845377232,0.5099850793134971,0.4605825506946666,0.9007601624507324,0.9300053777910726,0.3835673910072921,0.49173794301898943,0.8962362491461331,0.8067078077450615,0.0036563113446492768,0.3200595641835825,0.4217742419361259,0.22971628368323171,0.19957161589593875,0.03778450659567967,0.6433697250697605,0.26251029048316565,0.05234717843131309,0.23097931052806364,0.8019139528361265,0.8514891816465466,0.48306624519330266,0.41607067040868617,0.9778536935017818,0.2005646595880699,0.21535928285460848,0.29186717703639975,0.1727573182810873,0.3793655982041866,0.9108342269897538,0.6153478406285743,0.41194654861226365
Sample49,0.9344107945712148,0.04846423247582232,0.21027617790186137,0.565888605101759,0.6155526231931792,0.03955750656261314,0.4030387579071322,0.6491539648308727,0.6980705464034016,0.6381399025162693,0.32056322436092455,0.09352012359790951,0.4271124464193341,0.12875443736805547,0.9476236585206671,0.47517086602262826,0.31725917435686757,0.7663040711189001,0.49794859258226387,0.31003402401245006,0.8119677423908017,0.867152151001122,0.673008166288677,0.046964422407667294,0.5663228801665321,0.7632949119972816,0.13650301208358218,0.22867075138460335,0.8824951050681364,0.020121721853074037,0.752727137825976,0.4737732925144229,0.44677215883960686,0.0070965324948871755,0.8193982309664928,0.35982490063656647,0.5407656313005429,0.6773006863356594,0.7026295764379158,0.9559800588260723
Sample50,0.5313399532366091,0.3997195509744276,0.9537036264917079,0.6421102350255211,0.2981503562765556,0.12646424540357115,0.8425545014651813,0.36218160279415157,0.6604697213644312,0.47081641936589813,0.19892977979503834,0.6016866086204651,0.06068306895068232,0.4133424598711922,0.546614939663671,0.43604697411857907,0.7486721752509908,0.8279249545453125,0.771243074033178,0.03881294781180211,0.1941287704459722,0.5366075092637743,0.9348220404438012,0.8349567750521169,0.8425345083518017,0.3032081937596749,0.42944789707870257,0.4707059473159374,0.15737158334991042,0.031068130244456316,0.9469028994605169,0.24071258566350673,0.2399489037236313,0.08337905376875954,0.9285077519437785,0.579737114939772,0.6670368571253539,0.9115768872630525,0.3456201689007895,0.6215073111380841
Sample51,0.03879945472888746,0.18677252823112933,0.8312458050899425,0.7667683563383357,0.3506426914571469,0.3768106277742125,0.5335544335535795,0.0002410046851345493,0.24124433603802786,0.20823180860821444,0.25048294674976346,0.8059058425334413,0.27967385654644317,0.19152132205014816,0.5042634607930315,0.8656450363727319,0.24134970383749987,0.0785362427927987,0.3564047358496647,0.7476518245649778,0.5506905446947946,0.8167933695743474,0.959592147609234,0.792662476751617,0.6038030788437534,0.4933415880523805,0.04006908634826667,0.9843219788140413,0.3834811225750425,0.1522282139168668,0.6667088553964567,0.28428828909545933,0.5857782709310476,0.5867679078445912,0.44572982090286917,0.8361186155450426,0.26496706155544303,0.44863259161773417,0.5376921285909715,0.6636247207672996
Sample52,0.7839718505055895,0.39480728287825606,0.646046944096596,0.15061095306851913,0.9326481005424786,0.38305880642100354,0.7295214219764384,0.020341081882177647,0.205187142904807,0.487082544323578,0.8782524677323466,0.5272551499506771,0.929870482293879,0.48379689658279634,0.49044909673594994,0.11974678850053189,0.8026562441522198,0.2469654124670625,0.8996124893723151,0.9108242203303961,0.9433101118741497,0.52023048910309,0.6770937847836443,0.7785158800616635,0.1310146186504656,0.6009571949974972,0.03429790130331167,0.4975660833887259,0.1548426816202274,0.1829229259620847,0.3650475666926015,0.432437166716503,0.6231724245321872,0.07442841843851566,0.5036917612374446,0.18262513025310112,0.5739751750317419,0.6374046122611835,0.5567092565528539,0.7382955104783077
Sample53,0.3356092442409013,0.7651065916331309,0.43276708170819367,0.4841844983225968,0.6481021272610714,0.01835838399922396,0.6539942214202483,0.6185851490721154,0.3098471167532799,0.08579428489948948,0.09093544991304114,0.9232237469852286,0.6892793212258371,0.1271026137707404,0.35672316930890635,0.5924829939015964,0.8355717050906487,0.04366092871300853,0.23663313147000886,0.88974899029538,0.009165550183816484,0.2013991027938874,0.959024175972966,0.6134018465221711,0.26167136663750645,0.0669910943958476,0.028191340447222157,0.24474507963692727,0.8814858195889105,0.4159136542975095,0.720333369165993,0.9182850353799578,0.4080404616028166,0.19127737103739706,0.5171179308569195,0.9080836870598544,0.8043744141377006,0.06582984336315378,0.6925728000775818,0.5718975224589538
Sample54,0.9074631763464255,0.12248141685029723,0.5340361132046566,0.8794626935118923,0.410023786741743,0.48199491773286707,0.0704606776669583,0.2781436404489108,0.32450664916894734,0.9451224487448869,0.28266736054115904,0.460868735269652,0.6713044235642798,0.1621833724078774,0.4864423871418745,0.7385390394759076,0.866855213027066,0.6262592746624267,0.6690535153169479,0.12628347258456896,0.9457764972463472,0.13257407748448236,0.7746729371817983,0.2648163217783188,0.9335931437012516,0.7199595393694795,0.753813712978369,0.21905917305988332,0.4430399766351608,0.6178131945892864,0.7699736182066009,0.10395937591238957,0.9623653164545284,0.890220670554556,0.27034859049558435,0.822760243032332,0.5183239230398234,0.46180648156201864,0.3144341058114054,0.5809685866315925
Sample55,0.7298891177035978,0.41093290496275825,0.6292191930082921,0.6993129211553037,0.7111218170152859,0.05196609813118025,0.8597478056850669,0.45825331476504794,0.26241608169621444,0.2417645074796816,0.48301411284395046,0.8868315394689592,0.3783475816826469,0.7497257467835433,0.0968187309872186,0.4760567021510618,0.9916861403927356,0.770437802792337,0.210528488440613,0.5014414736979107,0.23362476364856655,0.40956092726250926,0.7800840237349648,0.7712248152904037,0.22810037790238513,0.9222233181548601,0.5925681827648268,0.3799242909620145,0.5019355807808606,0.6050712534377437,0.5598905318457854,0.4864050355361782,0.5049328040894001,0.17641191042788618,0.8127329043046794,0.5417603199410154,0.1310798617047031,0.7661571015827779,0.9324439783773508,0.9473068992369621
Sample56,0.36901773241117275,0.13551687356075404,0.5183996266330652,0.11260922934922069,0.9339874185126172,0.183579627355146,0.2527658599511641,0.40663652688497043,0.3831644685591258,0.794662892397889,0.45631682055096234,0.1707682600033369,0.2672098954860741,0.509113385187522,0.1474539174261349,0.6116556756460141,0.5657473065511459,0.7147023163822577,0.9377046153793677,0.9122545611011557,0.9460756180688313,0.24471559702370094,0.13156530663935462,0.3022767004964485,0.8950851727663146,0.9720534746234882,0.859324951070476,0.1100177211275436,0.9474279980597932,0.423358027350786,0.009310290762353679,0.4423937407481936,0.04606916967546759,0.5438779211611176,0.3385540274370513,0.47343493359404876,0.613170360743117,0.8688010958178203,0.6619015764719286,0.4340488684781807
Sample57,0.8194278536703651,0.9055821375731322,0.11975996643219722,0.5319329775527915,0.28451195974244414,0.0470611978769474,0.6685466951139853,0.8627707774592256,0.16290265447739405,0.8124136576239005,0.8533957335369416,0.9143404426664835,0.2652850890860524,0.9039530651898893,0.32066275473643224,0.5523380134555028,0.05050747083228213,0.043881088368743604,0.7203732127322029,0.44447997797779104,0.25629237536921756,0.1904134960249102,0.6699534908592181,0.00040154402533987277,0.8058911691968542,0.07924960612992882,0.19148961490811944,0.3862363952990896,0.4848587397161036,0.35499511581394183,0.3207121649842939,0.9639160120731884,0.6415796812433943,0.02343295536738821,0.4301759084443132,0.8750086997439702,0.30145618641066796,0.09455634477438823,0.7583847715899178,0.6060138319360813
Sample58,0.5703125078265039,0.053576559607407925,0.14049900979551733,0.6225493962131138,0.2078238414588358,0.5040700797484243,0.5448816860293935,0.2835071902709394,0.9484251555414929,0.8424641068355752,0.7223735076327985,0.07799386640940908,0.10613001930901944,0.4927813458649557,0.16071334919098568,0.9782654635294741,0.15852023402740945,0.487467835463974,0.3641210568415054,0.639386421454098,0.12903640888942491,0.4303164280423909,0.27470503280714365,0.887751524671688,0.040585712134695084,0.9137274940064593,0.8329941385530004,0.29757071644081545,0.7892906546771047,0.03121356033874756,0.9668655502933936,0.5265949425897893,0.30328102606544527,0.3625832125946771,0.06640535346049736,0.9893495140420392,0.03929194515069245,0.654907123147859,0.4427359277064583,0.9489162181887151
Sample59,0.24599974030679517,0.5320868239380113,0.48235620858275297,0.7028664440501013,0.06801023195242051,0.19378913002335485,0.21456482009284983,0.7381507548416897,0.18913869632674007,0.5734917638909767,0.2152438205009537,0.8616249500839784,0.9421854544896385,0.5184929749422404,0.3523088842091783,0.23405777501749914,0.049781001523043766,0.2685000761974954,0.6542357799453179,0.5336169313092108,0.9440412782809274,0.3962772624917006,0.6938633423283945,0.4893227474751214,0.5125762159242117,0.2677743146041175,0.4549507768419997,0.47078499701270726,0.7066425217489339,0.9406399991861139,0.3293212774825043,0.042200468581298445,0.4962951255006397,0.5444613321491686,0.16844055113191525,0.7604646062760667,0.9849291084414916,0.9457747170084609,0.19710603882365219,0.8753632399007607
Sample60,0.7044936364116847,0.4538465638069116,0.540610994324729,0.8496001749824581,0.48013493963837317,0.37320736910512686,0.4932474930259858,0.5791298040350491,0.18907765377834884,0.9009077302669907,0.6741869488296138,0.6332689173374889,0.09949622618063814,0.6041739381725918,0.12096066223849233,0.07869767519539905,0.5273108956423933,0.402785534046495,0.5888102701562232,0.0892221680572386,0.4309830628472584,0.17478671504515797,0.9871000859241166,0.5611502124351744,0.6874368609408673,0.3254182806826078,0.09473891477934415,0.9758708627835366,0.2862590353831832,0.4238081851735742,0.649863921702575,0.024697297686111286,0.8102591305172869,0.5365781900286203,0.27821718706882215,0.06160798529246925,0.16249841547444144,0.8950338588534369,0.686024223935891,0.24990172163688984
Sample61,0.06560076494502953,0.6906153123866363,0.5724077259677651,0.404519524458235,0.36361144919006383,0.2168142759291083,0.6696112565375176,0.9706680277938705,0.17571524583682585,0.5971166200155034,0.4241850557459762,0.4466887217446649,0.2541472801278144,0.8251348756614191,0.4852556041472411,0.5434058521982641,0.30476091279732576,0.18180846566694975,0.08591038820282049,0.7141191409249159,0.19623428168785562,0.6900753541887977,0.3903764460469539,0.41577480098965147,0.4691774960927717,0.3677085081275432,0.10061997722259008,0.3096318100028458,0.6637343606939384,0.665784401468871,0.28622430723999437,0.46010262655768797,0.19344722801193748,0.21037208152983577,0.023047088406607408,0.8967465499077446,0.2107066650749062,0.22753387693646332,0.2796014326451318,0.127408071695429
Sample62,0.6392628831813628,0.07514295317758657,0.13420242632635027,0.6447567265900929,0.33966062048144274,0.707947826701189,0.557424744670142,0.25602117306151306,0.6508279504893281,0.11627368029288065,0.5364103830800304,0.43714810504503465,0.2678735828174408,0.6040049977395001,0.8713335923402825,0.9989046997630767,0.6077627687434245,0.40470587432917016,0.2252071002162016,0.25709608939511175,0.4794549781497657,0.36727770128070925,0.9138145226249442,0.36829546765570953,0.3734445911454355,0.38353451243397696,0.8366202103676581,0.6507883208469019,0.6141688503188927,0.3341430223838622,0.8179041768324394,0.038363861355701134,0.8707971723381132,0.5127498997939296,0.3982502348634128,0.4971672807176857,0.6674155305338311,0.01276542651789736,0.8715518564582477,0.4467395253113928
Sample63,0.3429665197000782,0.1382455656340571,0.43946537435844213,0.49632277128437885,0.4036466944934778,0.6786600938268971,0.420896528759226,0.9614175778465733,0.5992775178235918,0.807477935651909,0.10935590310947885,0.3972912929459057,0.3368477014471527,0.5694823881365918,0.8611135200614256,0.07833821776200667,0.07257479804471079,0.8503177081575989,0.21285008603835742,0.6687532544498137,0.5428781323608052,0.8328935948872295,0.12508890983640353,0.12978296572261128,0.5568183602783076,0.9463786533583709,0.41499775837075425,0.32694210025469495,0.6066893231978858,0.9304486005450311,0.8369278328446237,0.9954836107332199,0.02256858320237709,0.11285814471276223,0.609467763366622,0.8205764393338497,0.28524434230676654,0.23921108803421876,0.7869757993812009,0.05638185385323158
Sample64,0.3693826475825851,0.5058092225923297,0.5603486743503234,0.7286151567927769,0.35484572343065823,0.6126843446746072,0.5853754227909563,0.5476161006537471,0.6404832931422122,0.2594491710680763,0.08464875358462898,0.11927167203974343,0.22458238265390107,0.5001979355227852,0.8404427505460201,0.7012933420883841,0.7890406042020471,0.3509756239260914,0.40465374164855017,0.3936818859906128,0.19187318440450152,0.06121665814357202,0.5909160928272268,0.9892166834205861,0.16682970495026284,0.046684819899273755,0.779531681823933,0.2525860066847242,0.8296438053529284,0.7039366670345154,0.9456735370508046,0.408927235756672,0.6619698394506341,0.4648547808132707,0.6305886973085435,0.44959890600773733,0.18863224642407483,0.5078974160033809,0.5285842014374423,0.8106038482601611
Sample65,0.7355207057935812,0.6637916239414441,0.11338709555257254,0.720616290663715,0.5003051563545148,0.8940995361061592,0.9198709341305428,0.05515659060178546,0.8206415603544788,0.03769739042267062,0.36716962569502265,0.5422999756210791,0.14810079862712744,0.7463138125690768,0.008354704172138572,0.16859904843403684,0.5807968298534757,0.7143875620372924,0.9166431026939161,0.7054966519346239,0.671779270254866,0.3943411463506643,0.0012844255268014138,0.12015925873562194,0.5345545447560391,0.6751298858444197,0.4174482838964625,0.7306790115283902,0.5218622953321788,0.07417619559431221,0.19201625096794883,0.8399982232439429,0.7249127466244395,0.894761987012495,0.11755724912093657,0.9902225346150739,0.2094067139499336,0.01177987628664201,0.9974229390535542,0.28107388544511314
Sample66,0.6680194525125599,0.1766823141763052,0.5802285321991417,0.9040349864545593,0.3201811674284386,0.6702539760443592,0.1879035887984165,0.6247953987187252,0.33645035181751015,0.21120825858795167,0.31318205070363514,0.17884106850779935,0.9019161078378828,0.39718688631712884,0.24527930497436734,0.4484078410159329,0.32053616680649555,0.744419253813326,0.9712199118854944,0.4380336566976468,0.8610333999722404,0.5658630735596195,0.15723566509423348,0.6906227420813416,0.5134344971258201,0.6506065232521034,0.889687412571665,0.4404345706560461,0.9011776232173556,0.7506690142816549,0.48860492587798476,0.6032221356579637,0.32558113251901144,0.9835972997387742,0.667351163050396,0.043846852496629896,0.32662190574800876,0.6233144337590575,0.0563332777992398,0.023884191319142767
Sample67,0.45002423952780257,0.33269017969267,0.4382986080331659,0.26269330988000517,0.1647177469429809,0.6891433569803377,0.5145711162678005,0.20015421124936683,0.3195894262599983,0.5918079076633259,0.07222934827247784,0.14745300926617955,0.07324560410739012,0.8123173327141189,0.7524092332120093,0.7533129318792571,0.716325343476028,0.6693854236698692,0.476991915378175,0.642278163507115,0.03836155478797465,0.6214644226567846,0.7778777055368772,0.5003583603843902,0.35751332842723693,0.2774267348009791,0.6428020501620825,0.6928011986299087,0.8709675998625426,0.34233408246099073,0.7697723073855856,0.5613558241893379,0.8828364906780791,0.5278121082956208,0.5176298283979672,0.5778770814409091,0.7493153551424344,0.9646904788284609,0.07356335421576565,0.05343460239101716
Sample68,0.9375503374073385,0.5298756255182061,0.6149030145669361,0.48242360159472886,0.09365745260747449,0.7680893784186665,0.7472246450885869,0.311703321492812,0.3062392452284004,0.8378413809055185,0.07235725774132662,0.8811051483565658,0.2566616898959144,0.5929847477554939,0.9359941790017777,0.6781225015366464,0.4144298124670366,0.6895342089054152,0.3439796363163702,0.27725841634918613,0.9966832779346797,0.7507902311797877,0.6447199773818176,0.3552896432193188,0.04916082915504816,0.03105687603515561,0.5541812554487988,0.7620327210390511,0.5373791904438551,0.8407850719391146,0.03342653309322163,0.3667520764259401,0.23707039117417805,0.44727296815712203,0.07237639319412248,0.9541316415710726,0.22325540106936093,0.9223077754835848,0.4258931550366818,0.985524133255218
Sample69,0.5540583834602107,0.9308328641758075,0.005348988694222845,0.7482388061809001,0.9030506531025154,0.13972056697895407,0.09612585173215149,0.4245726071859556,0.9336789061329351,0.5423865601904387,0.5274564637217322,0.14112611829932187,0.0007895110932187865,0.8101400907454612,0.08757456298623822,0.633849818735324,0.9146164545151915,0.208651913158431,0.6652728362369108,0.07869857670750946,0.603755143837613,0.16393172095320274,0.735953560515178,0.3012312947939082,0.46339100880464623,0.5994305420276217,0.17127341066623958,0.7416378186176209,0.30264034063681455,0.6623718599127535,0.15828305069937365,0.6881176592063503,0.12818807281046174,0.4253564962699836,0.24720607373887682,0.7483752494281826,0.26203500450687456,0.8817173063953962,0.8918202114066128,0.19644131522278585
Sample70,0.6138459450077243,0.08771764171996432,0.3915370996016292,0.7133217295012723,0.6594232468499163,0.624700669406608,0.2825408636624436,0.378024949434402,0.10294614470028618,0.719022820433601,0.5038887967912735,0.7087656323456546,0.24894352479687276,0.3244382286350662,0.33421533726011465,0.0257424097472162,0.34104787283062354,0.8033045735180335,0.8972984957497385,0.5182183156359275,0.45550169521922024,0.030824618699370254,0.8792043375853826,0.013010213425872719,0.9447500802102118,0.48921624868809066,0.3419344935747266,0.9242184348426601,0.024390993110096737,0.5814248948690871,0.5489325244993376,0.21932040121138208,0.42888743135021057,0.6522640059437702,0.7271311968819275,0.0007168587065797816,0.9368534300910153,0.1645253723928124,0.2335804342223592,0.26347344569384823
Sample71,0.03782013655203531,0.12305212359032491,0.986349922944162,0.31521673737728606,0.11530109033904934,0.10699126117462332,0.7194599676699719,0.8545686640326409,0.2569522995084699,0.02090951233523497,0.2230900184453558,0.056515690796757334,0.10339493663004151,0.43150811984764237,0.22991837086163258,0.5159458785254234,0.25349375325719037,0.9405373011029476,0.9059439679262645,0.566806105010466,0.35442399198738617,0.38114688203473557,0.41185228314449696,0.727579322134944,0.4516389955188379,0.8567299465058974,0.9440947859303646,0.33594615337893385,0.5606944813756801,0.09505653683256443,0.200469047766359,0.4134657667101601,0.20620271590177885,0.8765604907887176,0.15828625605909807,0.45566082155309195,0.6056992404598757,0.6918639081608444,0.38306936972650674,0.8690990687247285
Sample72,0.5683191510779255,0.4395077804475518,0.06724063405203662,0.464689468445165,0.8207358408157303,0.6145410182213155,0.8321624537291183,0.4940116705993056,0.11846170509448184,0.01363984583588107,0.3032195467185912,0.6979904714977925,0.7902599039416938,0.2957528346203294,0.4956539208832471,0.4211189044340816,0.41052278435142786,0.2313487132001505,0.13637110502945837,0.19668855823121312,0.0553323871633461,0.19813074182357704,0.009200897625379456,0.6272584006359783,0.3163754073876829,0.9731447114269086,0.19371705077629786,0.3458285703095939,0.3578411586415332,0.00845149606246054,0.8392079530394589,0.03199446014432472,0.9401798347292414,0.8920743510936207,0.5355219160859636,0.5435955749112921,0.6537779229561563,0.387050011934887,0.6472222833978555,0.04476838868848687
Sample73,0.05404762734972657,0.45723041961954436,0.5496223011060349,0.887817640335819,0.10466063390789626,0.8226479271938894,0.2100473372920696,0.39408364851003186,0.3166024348274129,0.400155272865399,0.15049549807258555,0.503570074403555,0.8016425898313673,0.44153401037889695,0.4906135758981991,0.8487675852813142,0.7060581146380308,0.4904544085197847,0.25769564818917967,0.8849267468449666,0.5770204016905583,0.2211476101106934,0.26911975263801036,0.8031330889362459,0.04414556208745546,0.9920921870288201,0.13035167971479178,0.7960685253969374,0.39477531677168287,0.49221618328746686,0.8806505774645779,0.41291118958921325,0.5374937536732345,0.04929966240916994,0.0023474738674531537,0.2447998730017259,0.6805830929187673,0.1212648933591367,0.11376195880454942,0.4109606080359033
Sample74,0.6478370386082265,0.7120719922479305,0.17845067409837478,0.07958814737204245,0.9403970339455442,0.26066638256210173,0.8533464976087238,0.8634914504628183,0.7725225917625445,0.16883360665257008,0.8218014592542003,0.7692505592415867,0.5967229901062171,0.33720203516895275,0.2625086042665441,0.12188921208035897,0.5097570669008714,0.5852608755098465,0.3593389905157872,0.47535906768086855,0.3635144573692667,0.6410060573207013,0.9012592077965633,0.16392026204694488,0.3814088099031234,0.14086860395086132,0.624943770407832,0.7288705094885958,0.9319127325974559,0.2788719262609649,0.9502112058654302,0.0632626718206748,0.6030138633645882,0.057132719343329974,0.8937741877619448,0.5298090570700541,0.6693483507627961,0.8315739259104525,0.15031062248396876,0.038591561938133845
Sample75,0.8788811459128522,0.3149332274589325,0.12897890792716526,0.46846123708708653,0.5983060756960188,0.030970603422510123,0.2748956582570877,0.03279987427689601,0.42033538919549895,0.8951000290662443,0.9826524114935692,0.6370475535036275,0.1616376937845918,0.9058493899993058,0.5162478232000605,0.1537493121029181,0.9217266694516614,0.757469050723103,0.7317052727231516,0.7091807037944047,0.20033982109644233,0.21100669170752606,0.688292998427255,0.21972275011039688,0.43867169680304885,0.7820018255939414,0.783952518097841,0.45326177252585964,0.7921899382752451,0.8386217961980568,0.6547757512842602,0.22842585230842016,0.2740117803855475,0.31484115540873536,0.116804107733952,0.2731596203699451,0.20951922431253212,0.45532874980860216,0.9084375478722649,0.10448031675395808
Sample76,0.7202679239473956,0.6872830044131277,0.09575419866335766,0.9225724049058001,0.5684722021568196,0.36372552113568424,0.7565385834953067,0.25736545840163405,0.6935098370463204,0.03971120757224722,0.839408037609272,0.4481708470213185,0.6366929143579417,0.22123781980668367,0.677073712658448,0.7722402758932766,0.47321318688439873,0.6177269240617943,0.45632592382239856,0.8940913692578455,0.49786918051431917,0.8418087090288189,0.8013520582702486,0.41050482134835653,0.23008449185747504,0.406082132559771,0.8262173757752201,0.22763253581939236,0.5244363458577493,0.8060967479607475,0.3534774751283788,0.6422096370026974,0.24563157404881453,0.10927944536815992,0.7943842250928563,0.09896862340870682,0.2713813950795846,0.8551094219974401,0.3464692870786672,0.9730453495141611
Sample77,0.9797343347738597,0.2682760204535567,0.04097822224989045,0.7050632842053791,0.4509865026483437,0.10075284395957629,0.7075228189780428,0.031174909111921223,0.8701966904922421,0.13865252911330372,0.127311878746725,0.17567229796858452,0.9602663584920665,0.693169360253846,0.8013715354636367,0.397634985732753,0.33631272750495556,0.23448400678316994,0.48064802831240894,0.5518287335341685,0.6317748436527554,0.2571185039986945,0.9486540809029906,0.16975849820713584,0.9656531747664123,0.014856122507503788,0.4811256918168456,0.3333678381165628,0.4491234139302508,0.570664578980789,0.43558915801270903,0.41484685030159496,0.7327234154133065,0.6858762750864646,0.8332712820358479,0.24995898123949556,0.6095285097540636,0.5851947853928539,0.36973781087268875,0.4860575419026809
Sample78,0.31378214330572873,0.1418443976169852,0.21380121066273283,0.10551364640120109,0.6830695751901241,0.6607273931091515,0.9506063715798728,0.7296784136472413,0.052045838756131446,0.8842451739289542,0.8626751629457258,0.4433203207726987,0.5858630505279215,0.9760783324725189,0.5323043638481663,0.9053218283760898,0.08303875781018644,0.19105186870868285,0.4407549434413178,0.5847568083373047,0.8162278518628002,0.9882621151431868,0.38885149647411643,0.04741563614008493,0.8011715032953248,0.6043807190828081,0.19854285886820167,0.49482845662142017,0.7423102455337244,0.7704117870686438,0.499618411998762,0.30521453012885913,0.9737425820384935,0.6633626109564928,0.4082375193462987,0.2804632242046524,0.7311029830035621,0.2421834455937677,0.17170998897368817,0.5298338889620703
Sample79,0.28998739264414186,0.628905144923615,0.11793867487423348,0.6549411045673216,0.2832965279977022,0.00024293443451273156,0.12693605767417637,0.9336153778350941,0.8673546391153578,0.23360903203623684,0.7783719045454912,0.6085715931739742,0.9709047114498695,0.3736056595340591,0.6814606125171713,0.06353572242391858,0.39624734681640594,0.9638176611881805,0.5389808744501206,0.2878795033348446,0.12027096312860686,0.7035283401815304,0.6448560434297268,0.3739387136037746,0.9509413518658343,0.022202812987850318,0.3037238516318258,0.9210694862995814,0.3209354383194404,0.2522528338551704,0.5342204099312473,0.8238017499205379,0.10314676087836105,0.9430207096457361,0.795072881181164,0.18125025555155194,0.7120079611981627,0.38495872263755715,0.4022946780763187,0.7832900924388664
Sample80,0.9627848079807322,0.12665587284719393,0.4206302368788194,0.48094160808430353,0.3763118169549976,0.363189123716225,0.05226866756159654,0.6855386205626233,0.4362144171200454,0.19479380264392676,0.8160335023020684,0.8025607481516279,0.4863916280888938,0.29845066114776053,0.6380927257964524,0.28815213577740306,0.23600793032371203,0.7305146540263266,0.0403252397209507,0.09476847103459396,0.006788174023589777,0.15294318647542615,0.06899000871045946,0.9958023677799186,0.2888099699540896,0.14926801266924727,0.24099625799591795,0.9361255715401346,0.5201602230243957,0.3648180963078569,0.8733914579092193,0.39499027054903246,0.3350085699576958,0.20728252254973556,0.3777968239094115,0.316684356016926,0.677303959298141,0.2895827046707271,0.5771997464225614,0.0658921650319727
Sample81,0.19128915669651436,0.40740527161134876,0.9369492539086954,0.3772519857156954,0.6640741211998341,0.25508722242139814,0.12703357597323173,0.05853660008005013,0.30541349854275135,0.15766102679690797,0.1740104480161242,0.76075930838695,0.015838070944874216,0.5578101257354344,0.3794613805934648,0.5065499999085472,0.5628302372146029,0.3133676944572782,0.2951088601842853,0.7334018493349057,0.8712769881211572,0.19258163245852788,0.09761876053514895,0.8977958063920259,0.34989546364739865,0.5513173906628142,0.35954314452000347,0.1258023363460513,0.589331644947728,0.5251408517696297,0.20299355919119721,0.45186904465227784,0.7969475040156458,0.5904261031078913,0.09691732706699485,0.5480214972291351,0.7027382992895869,0.7927034057807514,0.6291175786342668,0.15265816454078374
Sample82,0.7101732665901607,0.6773418460815164,0.02442688294063322,0.41174766759024317,0.3329502469623733,0.6694120642536434,0.21613581231092072,0.5908719229742585,0.9132059618141724,0.7978023722086077,0.9214577362165304,0.97850596693269,0.010670127006162766,0.6227412763774776,0.41283939775890643,0.8598544903351217,0.2518147020091317,0.9810294891150761,0.6137079695437473,0.793537402228831,0.08559955282276832,0.18345788475886504,0.7584036730342032,0.02198652203932361,0.8168779858937828,0.013949018691911452,0.6571188390612733,0.36509392023180587,0.6114948527191991,0.6960314069891137,0.3424752191863042,0.10796244811083555,0.06964586774826564,0.5889360225625478,0.5206553537341115,0.7422010091211325,0.5097355100039371,0.4224457900308791,0.39808717823623085,0.026446902597667465
Sample83,0.33555720169665715,0.9760201575244942,0.8735555762270888,0.3293780670342177,0.5877954050663722,0.847296745535494,0.44127433675006866,0.01795786375015096,0.07451046181864007,0.5103927213487066,0.9694393756758783,0.6932095422188678,0.07091619143856953,0.18936087579186278,0.77132314321685,0.8414397599562448,0.6176945861885909,0.6444231696298166,0.028337450383384644,0.8285302595815085,0.7882752081708296,0.25903514410334716,0.708676719965507,0.2148546064249981,0.04033016105151299,0.20113654259037728,0.1786288767542995,0.33774799673484723,0.4184494971754581,0.5085388914977079,0.47675387550832815,0.27067460596528936,0.029170668574074465,0.6051016222371507,0.3957448298473544,0.2986721573875497,0.8669410428305123,0.7467433077981598,0.8577655483724422,0.494982794712461
Sample84,0.13093125212677748,0.6962214361212724,0.20607377993717524,0.4412296690917168,0.0650007889488885,0.8253084024229824,0.12594064104750058,0.9030975070493097,0.8642306022615571,0.46458276443924607,0.7443682043039906,0.6194450738181533,0.8030756423377449,0.43180510078591205,0.78580848424435,0.46245681706514796,0.9409657878427938,0.4863721008251476,0.46261927193372954,0.7850718615635127,0.821577691760838,0.5544891143211708,0.1797978134950754,0.4677582309575795,0.9680725029096784,0.7529861930391851,0.8111626038791322,0.03282549881924013,0.4678594626341599,0.6466211336575554,0.8300326836280747,0.04927365358277147,0.8524388856418731,0.5484009367419117,0.19731397057605993,0.3172552164497,0.28192955175156076,0.5308590342884758,0.05168567991113182,0.15853615849992353
Sample85,0.8126930433757824,0.13260399074681106,0.23339626945812697,0.4533706056041573,0.5171208881133305,0.7636104796141586,0.4473324266661878,0.7898646210355388,0.6183463070454575,0.11309973942382245,0.15633143839283858,0.4370337254497708,0.3968893930890396,0.7435442696372946,0.5807371397973519,0.3881330810022493,0.17076028345038563,0.22683710232549514,0.575501018469059,0.42343880489979246,0.5149275088606721,0.17067743530223367,0.6629062523445658,0.852538740855967,0.2579395067869006,0.4915142258318266,0.9755273290209018,0.33324174055072764,0.5950463449237612,0.09019570020024437,0.6060150024794432,0.08963177330461791,0.959235435323822,0.7156626520723114,0.7881597881357064,0.7041043607716369,0.5897290360764658,0.44991278108550536,0.8583733797610624,0.956835667543063
Sample86,0.4990361729040813,0.931535049155262,0.5833329099885175,0.5383841868964332,0.4544827329553567,0.20928776153011985,0.0037196608180591895,0.24150622685606127,0.5097231716035652,0.37995995225975254,0.4484852280026338,0.9806482195640496,0.3502723706693276,0.4521829393601079,0.13351555135281956,0.04795773243698764,0.7754095145924946,0.5706831750719786,0.760704806043895,0.14986279888655163,0.5718287711826909,0.25364247434137555,0.22806181690001992,0.011526014052985256,0.1303407235690719,0.30926811149969535,0.11687876059093905,0.9858584404109375,0.30863264852395067,0.13032394670232816,0.19908231282795774,0.5877032283414765,0.06404352386478851,0.8624341301411569,0.9614996792371473,0.24674742066738087,0.45009526859085935,0.02213445102949707,0.6407102247272215,0.41392605805258886
Sample87,0.2700584661015557,0.20683711061660848,0.6540230776587604,0.41621703103231444,0.17965928902991202,0.689109081486824,0.5650722830366937,0.8586720549294962,0.1174758988764929,0.7856666019444561,0.673516786817259,0.11501093682809782,0.6948207298717207,0.4415472888798304,0.9449847855558431,0.1416113506178993,0.642833390815738,0.38198004546294595,0.9568146705908778,0.32997489529027646,0.9621859094918002,0.9014858511007491,0.27038323531065633,0.8035417768264277,0.995604201803506,0.25266300217128235,0.43677716932331967,0.5201807365667597,0.2949311358038643,0.01526483964602976,0.22012924419752666,0.28193688434175845,0.44359970131818716,0.17110247841340187,0.8732543566916726,0.7049111327313361,0.08520047755966198,0.6500924511399314,0.6536564764056204,0.9562211736436277
Sample88,0.0030208713561612477,0.2479324498058072,0.9277914793753155,0.932133915398283,0.7205864193706374,0.76576332104754,0.09148295792964711,0.5138758347782336,0.2315829912889994,0.18121804361361726,0.8103032991233325,0.13503813668054743,0.46865163699638523,0.938578239586033,0.18583205556534255,0.9779934237382346,0.994287985761059,0.5556171546824029,0.17014274017715791,0.31610488794089564,0.42449283267653515,0.30932422435822293,0.2806355798765158,0.9722297092163575,0.15336482741574564,0.7333279087168623,0.00041028943917487126,0.5961826694023769,0.9159430039540524,0.287934094093219,0.1855259752577192,0.651679794878427,0.7126014072983932,0.6880305189519813,0.31931688002137404,0.2522024021593309,0.9559187999620442,0.9232995082699295,0.4573166098928203,0.8461938661543734
Sample89,0.45232347763429603,0.4243890180725104,0.15676294759929466,0.42640605649197283,0.537416938599807,0.022504327428686466,0.4441130051754064,0.7813562183952003,0.6800460563742698,0.635156988863935,0.9095554284372025,0.01803200982523001,0.5570475861922342,0.7873488484097071,0.5413353827012672,0.32389555258037916,0.13625056509197786,0.8875630718161913,0.470762392387603,0.8781151969857014,0.5858521224331683,0.6741921166150008,0.80426115437845,0.6591555446001344,0.3980548406789377,0.513633383928651,0.8030455246758799,0.3736502963729842,0.3881214567684971,0.09569011605800115,0.9145844352217477,0.09103631494544173,0.6482091774485559,0.4131944788027977,0.40561939025544236,0.6795518365726839,0.06709373262987872,0.5937057829514346,0.7720317859723548,0.8282127578865942
Sample90,0.1705303893937753,0.8974190500781737,0.6561460918474422,0.8818548008206828,0.48528071711019827,0.542033345097202,0.9190382770286711,0.8999095433546718,0.448160873369002,0.27441263163568175,0.39317043456426415,0.38776432852974974,0.28686687498279395,0.26857960433296657,0.8610629364797194,0.06986192068466168,0.6776111820995941,0.1728200514564523,0.34450589339406323,0.06154303413483686,0.26997363685546205,0.7684210711172421,0.8850153245472586,0.22152715190236705,0.46354783925892185,0.4703240479372064,0.8735753057597342,0.7627990528758054,0.5130772183680499,0.6707472004717734,0.8473550539093668,0.009538954025544943,0.4028900310500486,0.9072431672770787,0.7403130308439514,0.5428413743340746,0.5296445270351334,0.3477700976044378,0.5205205336415145,0.6553831994634532
Sample91,0.4183630384287931,0.714153146392174,0.8612322272603858,0.15468484818486117,0.4515470228174244,0.4080200912850811,0.6874648040497281,0.24986746525792936,0.6402509149522763,0.877489241731488,0.4181315997936227,0.91101569997922,0.9931637389334784,0.10609204994795207,0.23305318798485863,0.9503797514820932,0.9583276864813868,0.0977072753867585,0.014998500377136681,0.16110002325642225,0.9960127833822483,0.17999961661068686,0.5025476067220231,0.848417726430511,0.02040161068820634,0.6044889822584595,0.2770254488696243,0.8623349164397316,0.28346114926407917,0.6867557202819089,0.6742196324473969,0.22149354885964,0.03479919986835012,0.4092495737853973,0.2891931519658697,0.8089777496137086,0.8003641884553453,0.4570239521926255,0.6065122253232189,0.6042595159869252
Sample92,0.8271581484276234,0.4250024141231975,0.2754466797905091,0.26503491814054747,0.5361922792822041,0.44914820273221256,0.4401207709849362,0.09113733908970723,0.7186037406901956,0.2137366879819107,0.19695363020872136,0.41275832027739345,0.22777834161780142,0.5838582673080154,0.3714633393344715,0.4489117225927901,0.5371693216040289,0.20353552248180484,0.1557516228655298,0.8804219028736048,0.43372370283142103,0.41209360963253916,0.03561215027284148,0.4979763025873932,0.5541697216110001,0.5588408709546665,0.7070311693228843,0.17748183499101178,0.2522231342306188,0.8107304652304127,0.947170616843394,0.13593274736732064,0.4976495545052182,0.21417625273958685,0.06007316835498244,0.3255033381261354,0.14368762518421274,0.7099330734342463,0.5337254136714444,0.14383447099031088
Sample93,0.009241588405514367,0.8081570490242127,0.17619440616424753,0.606216642220766,0.33692191307674557,0.5854859383150356,0.315653626982324,0.08693956069225417,0.2229500085577536,0.1880585664790756,0.42801935243964384,0.6582837834261573,0.26380607494635755,0.012069935300617951,0.5189373642647569,0.6057594893589721,0.9628704940018097,0.5894708030932468,0.47117255937814184,0.5734016258977038,0.927900629862027,0.8283781456016462,0.322978733363808,0.23725436365713726,0.26263361236607363,0.504421039715213,0.7440494512285778,0.5032192071829621,0.06779639582811259,0.7235807004399809,0.8059701286709539,0.28949786511971964,0.6641257392833504,0.4265919010543934,0.8891193557274428,0.8452255581607399,0.5254319983096423,0.6915055458135945,0.883349701022104,0.4957170100782755
Sample94,0.31325074048882195,0.7536661379095813,0.22006625478469177,0.38853114800604205,0.8657272371067937,0.7244223402693151,0.40381100524749924,0.2147445024083574,0.3559683908322365,0.284104149227433,0.17608928794385392,0.7433329135656567,0.2520698868501715,0.4541674701677638,0.38585944683610907,0.9820773786356308,0.3910922441482205,0.0799824827967548,0.08982575257208403,0.5907537213530648,0.5993635517382656,0.41875899048265497,0.4318436923120297,0.05393258284087121,0.5165465103892622,0.5047394753803517,0.14954931855694453,0.10383938611092758,0.12357249059949049,0.10102824649125852,0.6097081955367598,0.19648265240291862,0.25143015218746345,0.17357214415143973,0.9578353044485031,0.8546174631518354,0.23049483735152088,0.327566293922126,0.20989284230499716,0.49187595946082374
Sample95,0.019610532474253595,0.6713680088967957,0.5231581498176416,0.8986389283011033,0.16439268432841414,0.8041092460611317,0.7919610144667157,0.12718118921688693,0.3985592241441276,0.1701526411445169,0.2547205004575489,0.26324617483054435,0.5562363940257727,0.4114109317604655,0.9477328040063053,0.12637014194700513,0.9736921348501988,0.23063864021426395,0.7728739363818531,0.3389699261728214,0.1430813954173139,0.8578891852462399,0.3088608992364632,0.6588554042268422,0.5664436850866266,0.4717563093908743,0.4958194726485391,0.7322379140922876,0.08777291412344057,0.6681806619579052,0.8958121013985787,0.05778819701986415,0.14065333923366674,0.7166319367020314,0.43728164824461757,0.40354862081368836,0.13696663454423585,0.5067700407177881,0.12654531119637724,0.4766204563105404
Sample96,0.7636152989616567,0.2582643578871635,0.4807861681797273,0.9920159693968357,0.6866504233540373,0.8413567713051986,0.41484760656054576,0.7678609231258553,0.040509172941321836,0.12291118254224498,0.20307059292006213,0.40195192461521956,0.8457448783257632,0.3462660507879305,0.6546211935154629,0.7093142948034834,0.5861823540883414,0.3572419681701362,0.5770533417135443,0.3422655927897462,0.08387373855201208,0.9928039781860144,0.1271824536325109,0.07234838383605735,0.8785307492071559,0.3018346608928951,0.6502969740735076,0.32900572966223285,0.39145427079447115,0.2621129720167965,0.3430440057930102,0.4107004005865431,0.7204160690923429,0.5115361942347918,0.9435652171569769,0.04188039383877551,0.5030683226320282,0.5842247888317181,0.9201969860742739,0.049158523621427586
Sample97,0.573499584935216,0.853629928527957,0.24192772811923657,0.8762923485239374,0.019043409274291823,0.7324546291337297,0.933113221168653,0.6571976616400622,0.43902924398044796,0.04488101647271803,0.9201138133226288,0.4702962226915748,0.02899674433594801,0.6898210713287619,0.4818372535762582,0.12434531744241073,0.21427180931025958,0.06449068045584627,0.5742935397085736,0.6220294792520092,0.5057422983554444,0.8171021330026149,0.8610088213080136,0.6156243966831266,0.012756479707430546,0.6952296557477357,0.4179992169203516,0.565557483226387,0.6490806020188844,0.35023661432707676,0.9170985051717943,0.1339748667497812,0.6715118072810374,0.004359579956580428,0.9246511054051808,0.1125041332380915,0.09488423014757463,0.33300763305224423,0.3735662860390806,0.21430007232287862
Sample98,0.5851216609271247,0.4429140980419636,0.03417558904108742,0.31965206225530063,0.8104329135731705,0.6897015348618686,0.7248708535798805,0.6981169240835235,0.3109730213830333,0.09966392207677588,0.272467184033096,0.8317853001851593,0.9804707977830711,0.49384701474156134,0.00970035492304222,0.14004481213422904,0.32208057531626577,0.5785853485929497,0.07509364580531397,0.9433572987098816,0.3650836732844007,0.912584217924823,0.7805218027570218,0.7554372725155811,0.606719579782232,0.6267838170518446,0.6380032352162481,0.6287213870255821,0.5537282313983612,0.9864140184828889,0.7322905674256961,0.7769463883925212,0.8724628150836742,0.21563976272584917,0.08380415909506078,0.48289443659859865,0.5140806956192732,0.8291817799499177,0.4437835792823357,0.5708530255443127
Sample99,0.5270709385134583,0.03820278375739106,0.615214896596914,0.8280432857742522,0.15750054807580383,0.5943317339265958,0.5936105444464144,0.16418496405635874,0.12346357373073602,0.9800519429764848,0.39371916965303755,0.22742172872352928,0.17132454445437495,0.6676017135832351,0.6094452973272788,0.6435521229874175,0.08800602751145226,0.893534583498437,0.3892663968090483,0.31336940643035793,0.4623614472477392,0.39006606574762825,0.8635770031391459,0.9292609751978921,0.3034532164496062,0.8639358074599548,0.7815231295330671,0.9308076723447618,0.24575031218588783,0.5769591501209791,0.27454458474044463,0.8240944904843742,0.005324190571064258,0.5648191628863961,0.339203431271918,0.32268370707782024,0.644906323864917,0.8514844493139939,0.6091953913933262,0.8531729786467225
Sample100,0.26459711188102997,0.5195018547649811,0.450536539067076,0.011644899503096218,0.5568121431407401,0.6615243241461749,0.5919144044190701,0.7362798987834215,0.5713395284530771,0.06675025485075692,0.11644552408471143,0.5964745775439524,0.2749791919736402,0.07964512903476584,0.42960274344854676,0.5543225980836554,0.32874598834960655,0.720433702225778,0.6437706081012446,0.33281836109167195,0.7548725289085606,0.6486950425330354,0.6374453787179021,0.553427700787068,0.011389668088552796,0.6965071834768891,0.3760417911091565,0.9426097101586556,0.8179847710772054,0.5876944695313122,0.25218198181926943,0.20371739327766658,0.3403848376775491,0.4765679435800185,0.2960655100389471,0.5149294953924828,0.16537042551318593,0.9777128128254999,0.10792455496499387,0.9319441396543721
